"value","dreov","vbgerwt","stvff"
"1","gasfjeodkkl","erggbb","bgsbs"
"2","gasfjeodkkl","erggbb","bgsbs"
"3","gasfjeodkkl","erggbb","bgsbs"
"4","gasfjeodkkl","erggbb","bgsbs"
"5","gasfjeodkkl","erggbb","bgsbs"
"6","gasfjeodkkl","erggbb","bgsbs"
"7","gasfjeodkkl","erggbb","bgsbs"
"8","gasfjeodkkl","erggbb","bgsbs"
"9","gasfjeodkkl","erggbb","bgsbs"
"10","gasfjeodkkl","erggbb","bgsbs"
"11","gasfjeodkkl","erggbb","bgsbs"
"12","gasfjeodkkl","erggbb","bgsbs"
"13","gasfjeodkkl","erggbb","bgsbs"
"14","gasfjeodkkl","erggbb","bgsbs"
"15","gasfjeodkkl","erggbb","bgsbs"
"16","gasfjeodkkl","erggbb","bgsbs"
"17","gasfjeodkkl","erggbb","bgsbs"
"18","gasfjeodkkl","erggbb","bgsbs"
"19","gasfjeodkkl","erggbb","bgsbs"
"20","gasfjeodkkl","erggbb","bgsbs"
"21","gasfjeodkkl","erggbb","bgsbs"
"22","gasfjeodkkl","erggbb","bgsbs"
"23","gasfjeodkkl","erggbb","bgsbs"
"24","gasfjeodkkl","erggbb","bgsbs"
"25","gasfjeodkkl","erggbb","bgsbs"
"26","gasfjeodkkl","erggbb","bgsbs"
"27","gasfjeodkkl","erggbb","bgsbs"
"28","gasfjeodkkl","erggbb","bgsbs"
"29","gasfjeodkkl","erggbb","bgsbs"
"30","gasfjeodkkl","erggbb","bgsbs"
"31","gasfjeodkkl","erggbb","bgsbs"
"32","gasfjeodkkl","erggbb","bgsbs"
"33","gasfjeodkkl","erggbb","bgsbs"
"34","gasfjeodkkl","erggbb","bgsbs"
"35","gasfjeodkkl","erggbb","bgsbs"
"36","gasfjeodkkl","erggbb","bgsbs"
"37","gasfjeodkkl","erggbb","bgsbs"
"38","gasfjeodkkl","erggbb","bgsbs"
"39","gasfjeodkkl","erggbb","bgsbs"
"40","gasfjeodkkl","erggbb","bgsbs"
"41","gasfjeodkkl","erggbb","bgsbs"
"42","gasfjeodkkl","erggbb","bgsbs"
"43","gasfjeodkkl","erggbb","bgsbs"
"44","gasfjeodkkl","erggbb","bgsbs"
"45","gasfjeodkkl","erggbb","bgsbs"
"46","gasfjeodkkl","erggbb","bgsbs"
"47","gasfjeodkkl","erggbb","bgsbs"
"48","gasfjeodkkl","erggbb","bgsbs"
"49","gasfjeodkkl","erggbb","bgsbs"
"50","gasfjeodkkl","erggbb","bgsbs"
"51","gasfjeodkkl","erggbb","bgsbs"
"52","gasfjeodkkl","erggbb","bgsbs"
"53","gasfjeodkkl","erggbb","bgsbs"
"54","gasfjeodkkl","erggbb","bgsbs"
"55","gasfjeodkkl","erggbb","bgsbs"
"56","gasfjeodkkl","erggbb","bgsbs"
"57","gasfjeodkkl","erggbb","bgsbs"
"58","gasfjeodkkl","erggbb","bgsbs"
"59","gasfjeodkkl","erggbb","bgsbs"
"60","gasfjeodkkl","erggbb","bgsbs"
"61","gasfjeodkkl","erggbb","bgsbs"
"62","gasfjeodkkl","erggbb","bgsbs"
"63","gasfjeodkkl","erggbb","bgsbs"
"64","gasfjeodkkl","erggbb","bgsbs"
"65","gasfjeodkkl","erggbb","bgsbs"
"66","gasfjeodkkl","erggbb","bgsbs"
"67","gasfjeodkkl","erggbb","bgsbs"
"68","gasfjeodkkl","erggbb","bgsbs"
"69","gasfjeodkkl","erggbb","bgsbs"
"70","gasfjeodkkl","erggbb","bgsbs"
"71","gasfjeodkkl","erggbb","bgsbs"
"72","gasfjeodkkl","erggbb","bgsbs"
"73","gasfjeodkkl","erggbb","bgsbs"
"74","gasfjeodkkl","erggbb","bgsbs"
"75","gasfjeodkkl","erggbb","bgsbs"
"76","gasfjeodkkl","erggbb","bgsbs"
"77","gasfjeodkkl","erggbb","bgsbs"
"78","gasfjeodkkl","erggbb","bgsbs"
"79","gasfjeodkkl","erggbb","bgsbs"
"80","gasfjeodkkl","erggbb","bgsbs"
"81","gasfjeodkkl","erggbb","bgsbs"
"82","gasfjeodkkl","erggbb","bgsbs"
"83","gasfjeodkkl","erggbb","bgsbs"
"84","gasfjeodkkl","erggbb","bgsbs"
"85","gasfjeodkkl","erggbb","bgsbs"
"86","gasfjeodkkl","erggbb","bgsbs"
"87","gasfjeodkkl","erggbb","bgsbs"
"88","gasfjeodkkl","erggbb","bgsbs"
"89","gasfjeodkkl","erggbb","bgsbs"
"90","gasfjeodkkl","erggbb","bgsbs"
"91","gasfjeodkkl","erggbb","bgsbs"
"92","gasfjeodkkl","erggbb","bgsbs"
"93","gasfjeodkkl","erggbb","bgsbs"
"94","gasfjeodkkl","erggbb","bgsbs"
"95","gasfjeodkkl","erggbb","bgsbs"
"96","gasfjeodkkl","erggbb","bgsbs"
"97","gasfjeodkkl","erggbb","bgsbs"
"98","gasfjeodkkl","erggbb","bgsbs"
"99","gasfjeodkkl","erggbb","bgsbs"
"100","gasfjeodkkl","erggbb","bgsbs"
